{
    "loss_202306081658": 0.5347861051559448,
    "accuracy_202306081658": 0.931034505367279,
    "loss_20230608165845": 0.5347861051559448,
    "accuracy_20230608165845": 0.931034505367279
}