{
    "loss_2023061009": 0.09380768239498138,
    "accuracy_2023061009": 0.9741379022598267
}