{
    "loss_2023061009": 0.09380768239498138,
    "accuracy_2023061009": 0.9741379022598267,
    "loss_2023070313": 0.0823916494846344,
    "accuracy_2023070313": 0.9655172228813171
}